{
  "nowPrice": 64350.3300637,
  "shortPrice": 64150.15356508842,
  "longPrice": 65084.93198356799,
  "time": "2024-03-24 13:31:27.863 +08"
}