{
  "nowPrice": 64160,
  "shortPrice": 64361.12447554166,
  "longPrice": 65157.44600853248,
  "time": "2024-03-24 11:31:27.727 +08"
}