{
  "nowPrice": 64510.1,
  "shortPrice": 64677.01419549502,
  "longPrice": 65368.85096802373,
  "time": "2024-03-23 21:31:27.017 +08"
}