{
  "nowPrice": 64368.95730262,
  "shortPrice": 64516.367770980374,
  "longPrice": 65205.728152347896,
  "time": "2024-03-24 10:30:27.666 +08"
}