{
  "nowPrice": 65172,
  "shortPrice": 65027.15622661675,
  "longPrice": 64913.29928462178,
  "time": "2024-03-24 18:32:02.228 +08"
}