{
  "nowPrice": 65614.1,
  "shortPrice": 65427.13870202041,
  "longPrice": 64849.81632968582,
  "time": "2024-03-24 21:08:48.694 +08"
}