{
  "nowPrice": 64912.9,
  "shortPrice": 64900.660935278596,
  "longPrice": 65396.316471539685,
  "time": "2024-03-23 23:31:27.133 +08"
}