{
  "nowPrice": 65804.92449529,
  "shortPrice": 65394.00184332727,
  "longPrice": 64852.61663757018,
  "time": "2024-03-24 21:01:02.397 +08"
}