{
  "nowPrice": 65052.9,
  "shortPrice": 65192.12688549425,
  "longPrice": 65457.96905733968,
  "time": "2024-03-24 04:30:27.366 +08"
}