{
  "nowPrice": 65007.72364123,
  "shortPrice": 64974.295645982376,
  "longPrice": 65387.093724555525,
  "time": "2024-03-24 06:30:27.456 +08"
}