{
  "nowPrice": 64119.2,
  "shortPrice": 64270.5490452822,
  "longPrice": 65008.215297554045,
  "time": "2024-03-24 15:32:02.033 +08"
}