{
  "nowPrice": 64858.9,
  "shortPrice": 64981.20205254713,
  "longPrice": 65425.80600288595,
  "time": "2024-03-24 05:30:27.410 +08"
}