{
  "nowPrice": 64371.8,
  "shortPrice": 64233.7839728286,
  "longPrice": 65056.95401300392,
  "time": "2024-03-24 14:18:27.924 +08"
}