{
  "nowPrice": 65566.2,
  "shortPrice": 65686.43771296823,
  "longPrice": 65467.986377616144,
  "time": "2024-03-24 02:30:27.273 +08"
}