{
  "nowPrice": 64295,
  "shortPrice": 64271.809035682134,
  "longPrice": 65049.075991731814,
  "time": "2024-03-24 14:32:01.966 +08"
}