{
  "nowPrice": 65559.8,
  "shortPrice": 65271.56040803948,
  "longPrice": 64863.16635928914,
  "time": "2024-03-24 20:32:02.367 +08"
}