{
  "nowPrice": 65194.39295565,
  "shortPrice": 64666.48324509066,
  "longPrice": 65381.633790854445,
  "time": "2024-03-23 22:31:27.090 +08"
}