{
  "nowPrice": 64440,
  "shortPrice": 64567.8075306133,
  "longPrice": 65298.4398536444,
  "time": "2024-03-24 08:30:27.565 +08"
}