{
  "nowPrice": 65749,
  "shortPrice": 65483.25110738383,
  "longPrice": 64844.13280853851,
  "time": "2024-03-24 21:21:44.868 +08"
}