{
  "nowPrice": 64021.3,
  "shortPrice": 64176.11198624682,
  "longPrice": 65118.88846646088,
  "time": "2024-03-24 12:31:27.797 +08"
}