{
  "nowPrice": 64526.7,
  "shortPrice": 64509.896053678036,
  "longPrice": 65342.751904268865,
  "time": "2024-03-23 19:31:26.879 +08"
}