{
  "nowPrice": 64663.09287521,
  "shortPrice": 64438.013406197635,
  "longPrice": 65252.12964438378,
  "time": "2024-03-24 09:30:27.616 +08"
}