{
  "nowPrice": 65135.7,
  "shortPrice": 65110.601914923674,
  "longPrice": 64888.55641938395,
  "time": "2024-03-24 19:32:02.294 +08"
}