{
  "nowPrice": 64700,
  "shortPrice": 64573.19826878095,
  "longPrice": 65356.75733616984,
  "time": "2024-03-23 20:31:26.949 +08"
}