{
  "nowPrice": 64964.79101541,
  "shortPrice": 64783.20516516127,
  "longPrice": 64939.07887159528,
  "time": "2024-03-24 17:32:02.163 +08"
}