{
  "nowPrice": 65525.67911571,
  "shortPrice": 65134.02214645316,
  "longPrice": 65417.534657152035,
  "time": "2024-03-24 00:31:27.176 +08"
}