{
  "nowPrice": 65166.1,
  "shortPrice": 65565.57769004998,
  "longPrice": 65473.123432969245,
  "time": "2024-03-24 03:30:27.320 +08"
}