{
  "nowPrice": 64441.2,
  "shortPrice": 64882.654404988774,
  "longPrice": 65347.042431524605,
  "time": "2024-03-24 07:30:27.506 +08"
}