{
  "nowPrice": 65751.38074971,
  "shortPrice": 65371.65149447609,
  "longPrice": 65448.38985395867,
  "time": "2024-03-24 01:30:27.227 +08"
}