{
  "nowPrice": 64720.4934495,
  "shortPrice": 64381.423494731025,
  "longPrice": 64970.760591887934,
  "time": "2024-03-24 16:32:02.096 +08"
}