{
  "nowPrice": 64636.3,
  "shortPrice": 64477.13716948234,
  "longPrice": 65323.823182731576,
  "time": "2024-03-23 18:30:51.696 +08"
}